Run_Name,Run_Number,N_Repetitions,Total_FSM_Time_Mean,Total_FSM_Time_CI,Total_FSM_Time_Std,Active_Time_Mean,Active_Time_CI,Active_Time_Std,Coordination_Time_Mean,Coordination_Time_CI,Coordination_Time_Std,Active_Percentage,Coordination_Percentage,Workload_Overall_Mean,Workload_Overall_CI,Workload_Overall_Std,Workload_Perceptual_Mean,Workload_Perceptual_CI,Workload_Cognitive_Mean,Workload_Cognitive_CI,Workload_Motor_Mean,Workload_Motor_CI,JAE_Data_Mean,JAE_Data_CI,JAE_Data_Std,Team_Efficiency_Pct
Run 1,1,24,62.69250002503395,1.297705460592618,3.0732163687846086,25.673541684945423,0.032753113075109384,0.07756567748825881,7.13862477739652,0.051466492400968525,0.12188256248714201,40.95153594878755,11.38672851544598,0.1505178835930919,0.0003663003488461067,0.0008674697472963467,0.11406318494558638,0.0005836384284272035,0.24033866201177212,0.0014193847702305864,0.09715180382191728,0.0020802709803425727,0.9861939704051274,0.0015731230296949447,0.0037254581966255783,98.61939704051274
