Run_Name,Run_Number,N_Repetitions,Total_FSM_Time_Mean,Total_FSM_Time_CI,Total_FSM_Time_Std,Active_Time_Mean,Active_Time_CI,Active_Time_Std,Coordination_Time_Mean,Coordination_Time_CI,Coordination_Time_Std,Active_Percentage,Coordination_Percentage,Workload_Overall_Mean,Workload_Overall_CI,Workload_Overall_Std,Workload_Perceptual_Mean,Workload_Perceptual_CI,Workload_Cognitive_Mean,Workload_Cognitive_CI,Workload_Motor_Mean,Workload_Motor_CI,JAE_Data_Mean,JAE_Data_CI,JAE_Data_Std,Team_Efficiency_Pct
Run 1,1,24,62.69250002503395,1.297705460592618,3.0732163687846086,25.673541684945423,0.032753113075109384,0.07756567748825881,7.13862477739652,0.051466492400968525,0.12188256248714201,40.95153594878755,11.38672851544598,0.1505178835930919,0.0003663003488461067,0.0008674697472963467,0.11406318494558638,0.0005836384284272035,0.24033866201177212,0.0014193847702305864,0.09715180382191728,0.0020802709803425727,0.4803839096481157,0.0008970988615249962,0.002124502816222748,48.03839096481157
Run 2,2,25,44.29915997505188,2.7437437813455934,6.6469928133999465,32.43431983947754,2.314286177289504,5.606588958189813,4.405240077972412,0.34484628730985883,0.8354245061294111,73.21655728402907,9.944297093789874,0.16095382550535672,0.0008085561008952041,0.0019588077532681804,0.16254403305298468,0.0011350575408680217,0.19996406706468078,0.0015839840471834003,0.12035337639840472,0.0022576739929462985,0.6198041222197901,0.018941936537759607,0.045888729441281285,61.98041222197901
Run 3,3,24,40.21983330448469,11.499145950956294,27.232191461523055,45.75829170147578,17.754669645171404,42.04647590138557,4.507499913374583,1.3890979220979849,3.289651312776867,113.77046581735466,11.207157123826212,0.15751416220384679,0.0009303900022353961,0.0022033426467340496,0.17117812057277182,0.0025978939442953346,0.20165487659422957,0.002503642583080279,0.09970948944453904,0.0027075233231045196,0.04018927580294515,0.018855152553349734,0.04465263129618285,4.018927580294515
