Metric,Current_N,Required_N,Final_Mean,Final_Std,Final_CI_Width,Target_Margin_Error,Current_Relative_Precision_Pct,Target_Relative_Precision_Pct,Status
total_fsm_time,24,4,62.69250002503395,3.0732163687846086,1.297705460592618,3.1346250012516976,2.069953280016632,5.0,Sufficient
active_time,24,1,25.673541684945423,0.07756567748825881,0.032753113075109384,1.2836770842472713,0.12757535939934347,5.0,Sufficient
coordination_time,24,1,7.13862477739652,0.12188256248714201,0.051466492400968525,0.35693123886982603,0.7209580837464681,5.0,Sufficient
workload_overall,24,1,0.1505178835930919,0.0008674697472963467,0.0003663003488461067,0.007525894179654595,0.24336001815994057,5.0,Sufficient
jae_data,24,1,0.9861939704051274,0.0037254581966255783,0.0015731230296949447,0.04930969852025637,0.15951456578554293,5.0,Sufficient
