Metric,Current_N,Required_N,Final_Mean,Final_Std,Final_CI_Width,Target_Margin_Error,Current_Relative_Precision_Pct,Target_Relative_Precision_Pct,Status
total_fsm_time,24,705,40.21983330448469,27.232191461523055,11.499145950956294,2.0109916652242346,28.59073498366312,5.0,Need More
active_time,24,1298,45.75829170147578,42.04647590138557,17.754669645171404,2.2879145850737888,38.80098881532063,5.0,Need More
coordination_time,24,819,4.507499913374583,3.289651312776867,1.3890979220979849,0.22537499566872918,30.81748083846381,5.0,Need More
workload_overall,24,1,0.15751416220384679,0.0022033426467340496,0.0009303900022353961,0.00787570811019234,0.5906706985695247,5.0,Sufficient
jae_data,24,21,0.47434960922804376,0.054572255420433945,0.0230438424626638,0.02371748046140219,4.8579870235722,5.0,Sufficient
