Metric,Current_N,Required_N,Final_Mean,Final_Std,Final_CI_Width,Target_Margin_Error,Current_Relative_Precision_Pct,Target_Relative_Precision_Pct,Status
total_fsm_time,25,35,44.29915997505188,6.6469928133999465,2.7437437813455934,2.214957998752594,6.19366999936522,5.0,Need More
active_time,25,46,32.43431983947754,5.606588958189813,2.314286177289504,1.621715991973877,7.13530047413747,5.0,Need More
coordination_time,25,56,4.405240077972412,0.8354245061294111,0.34484628730985883,0.2202620038986206,7.828092934916281,5.0,Need More
workload_overall,25,1,0.16095382550535672,0.0019588077532681804,0.0008085561008952041,0.008047691275267837,0.5023528321594907,5.0,Sufficient
jae_data,25,17,0.8003417258728426,0.08181438772801787,0.03377131943046672,0.04001708629364213,4.219612490356684,5.0,Sufficient
