AoI_Name,Fixation_Count,Percentage,Avg_Dwell_Time_s,Total_Dwell_Time_s
Central_Console,0,0.00,0.000000,0.000000
E_W_CAS,1,1.10,0.400000,0.400000
ND,0,0.00,0.000000,0.000000
Other,8,8.79,1.150000,9.200000
Outside_Window,2,2.20,0.350000,0.700000
PFD,1,1.10,1.500000,1.500000
TARS,79,86.81,0.885396,69.946311
