AoI_Name,Fixation_Count,Percentage,Avg_Dwell_Time_s,Total_Dwell_Time_s
Central_Console,0,0.00,0.000000,0.000000
E_W_CAS,0,0.00,0.000000,0.000000
ND,0,0.00,0.000000,0.000000
Other,8,9.09,1.506250,12.050000
Outside_Window,3,3.41,0.461667,1.385000
PFD,1,1.14,1.500000,1.500000
TARS,76,86.36,0.675501,51.338103
